AgencyCd,SiteNo,AgencyNm,SiteName,DecLatVa,DecLongVa,HorzDatum,HorzMethod,HorzAcy,AltVa,AltUnits,AltUnitsNm,AltDatumCd,WellDepth,WellDepthU,WellDept_1,NatAquifer,NatAqfrDes,CountryCd,CountryNm,StateCd,StateNm,CountyCd,CountyNm,LocalAquif,SiteType,AquiferTyp,QwSysName,QwSnFlag,QwSnDesc,QwBaseline,QwBaseli_1,QwWellChar,QwWellCh_1,QwWellType,QwWellTy_1,QwWellPurp,QwWellPu_1,QwWellPu_2,WlSysName,WlSnFlag,WlSnDesc,WlBaseline,WlBaseli_1,WlWellChar,WlWellCh_1,WlWellType,WlWellTy_1,WlWellPurp,WlWellPu_1,WlWellPu_2,Link,AltMethod,AltAcy,layer,path,FID,distance,lake_id,geologyCAT,noSiteNo,lkgeologyCAT
SJRWMD,1700792,St. Johns River Water Management District,BR1557,28.38238778,-80.76699472,WGS84,Control Survey,24 in,23.015,TRUE,Feet,NAVD88,190,TRUE,Feet,S400FLORDN,Floridan aquifer system,US,United States of America,12,Florida,9,Brevard County,Upper Floridan Aquifer (UFA),WELL,CONFINED,,FALSE,FALSE,FALSE,FALSE,,,,,,,,St. Johns River Water Management District,TRUE,TRUE,TRUE,TRUE,1,Background,1,Surveillance,TRUE,Dedicated Monitoring/Observation,,https://www.sjrwmd.com/data/hydrologic/,Control Survey,.007ft,SJRWMD_sites_r,D:\395\QGIS_Fl\SJRWMD_sites_r.shp,10334,609.9489422,7320198892,SHELLY SAND AND CLAY,1700792,MED. FINE SAND AND SILT
SJRWMD,35215282,St. Johns River Water Management District,L-1058,28.60020667,-81.79769167,WGS84,Control Survey,30 in,176.017,TRUE,Feet,NAVD88,230,TRUE,Feet,S400FLORDN,Floridan aquifer system,US,United States of America,12,Florida,69,Lake County,Upper Floridan Aquifer (UFA),WELL,CONFINED,,FALSE,FALSE,FALSE,FALSE,,,,,,,,St. Johns River Water Management District,TRUE,TRUE,TRUE,TRUE,1,Background,1,Surveillance,TRUE,Dedicated Monitoring/Observation,,https://www.sjrwmd.com/data/hydrologic/,Control Survey,.007ft,SJRWMD_sites_r,D:\395\QGIS_Fl\SJRWMD_sites_r.shp,12899,487.9769559,7320224542,CLAYEY SAND,35215282,CLAYEY SAND
SJRWMD,19794579,St. Johns River Water Management District,A-0421,29.53527778,-82.10194444,WGS84,Control Survey,33 in,72.882,TRUE,Feet,NAVD88,132,TRUE,Feet,S400FLORDN,Floridan aquifer system,US,United States of America,12,Florida,1,Alachua County,Upper Floridan Aquifer (UFA),WELL,CONFINED,,FALSE,FALSE,FALSE,FALSE,,,,,,,,St. Johns River Water Management District,TRUE,TRUE,TRUE,TRUE,1,Background,1,Surveillance,TRUE,Dedicated Monitoring/Observation,,https://www.sjrwmd.com/data/hydrologic/,Control Survey,.007ft,SJRWMD_sites_r,D:\395\QGIS_Fl\SJRWMD_sites_r.shp,13958,958.8895177,7320235132,MED. FINE SAND AND SILT,19794579,LIMESTONE
SJRWMD,17943646,St. Johns River Water Management District,SJ0331,29.93483778,-81.37601417,WGS84,Control Survey,34 in,33.019,TRUE,Feet,NAVD88,527,TRUE,Feet,S400FLORDN,Floridan aquifer system,US,United States of America,12,Florida,109,St. Johns County,Upper Floridan Aquifer (UFA),WELL,CONFINED,,FALSE,FALSE,FALSE,FALSE,,,,,,,,St. Johns River Water Management District,TRUE,TRUE,TRUE,TRUE,1,Background,1,Surveillance,TRUE,Dedicated Monitoring/Observation,,https://www.sjrwmd.com/data/hydrologic/,Control Survey,.007ft,SJRWMD_sites_r,D:\395\QGIS_Fl\SJRWMD_sites_r.shp,10488,203.0282396,7320200432,MED. FINE SAND AND SILT,17943646,MED. FINE SAND AND SILT
SJRWMD,18593802,St. Johns River Water Management District,C-1063,30.06055417,-81.83406722,WGS84,Control Survey,35 in,81.942,TRUE,Feet,NAVD88,450,TRUE,Feet,S400FLORDN,Floridan aquifer system,US,United States of America,12,Florida,19,Clay County,Upper Floridan Aquifer (UFA),WELL,CONFINED,,FALSE,FALSE,FALSE,FALSE,,,,,,,,St. Johns River Water Management District,TRUE,TRUE,TRUE,TRUE,1,Background,1,Surveillance,TRUE,Dedicated Monitoring/Observation,,https://www.sjrwmd.com/data/hydrologic/,Control Survey,.007ft,SJRWMD_sites_r,D:\395\QGIS_Fl\SJRWMD_sites_r.shp,13554,951.1645231,7320231092,SHELLY SAND AND CLAY,18593802,SHELLY SAND AND CLAY
SJRWMD,18013659,St. Johns River Water Management District,D-1292,30.19947167,-81.78130028,WGS84,Control Survey,37 in,43.659,TRUE,Feet,NAVD88,621,TRUE,Feet,S400FLORDN,Floridan aquifer system,US,United States of America,12,Florida,31,Duval County,Upper Floridan Aquifer (UFA),WELL,CONFINED,,FALSE,FALSE,FALSE,FALSE,,,,,,,,St. Johns River Water Management District,TRUE,TRUE,TRUE,TRUE,1,Background,1,Surveillance,TRUE,Dedicated Monitoring/Observation,,https://www.sjrwmd.com/data/hydrologic/,Control Survey,.007ft,SJRWMD_sites_r,D:\395\QGIS_Fl\SJRWMD_sites_r.shp,10540,511.4558178,7320200952,SHELLY SAND AND CLAY,18013659,SHELLY SAND AND CLAY
SJRWMD,27354792,St. Johns River Water Management District,L-0927,28.85611111,-81.89916667,WGS84,Control Survey,31 in,60.418,TRUE,Feet,NAVD88,195,TRUE,Feet,S400FLORDN,Floridan aquifer system,US,United States of America,12,Florida,69,Lake County,Upper Floridan Aquifer (UFA),WELL,CONFINED,,FALSE,FALSE,FALSE,FALSE,,,,,,,,St. Johns River Water Management District,TRUE,TRUE,TRUE,TRUE,1,Background,1,Surveillance,TRUE,Dedicated Monitoring/Observation,,https://www.sjrwmd.com/data/hydrologic/,Control Survey,.007ft,SJRWMD_sites_r,D:\395\QGIS_Fl\SJRWMD_sites_r.shp,12008,449.6391206,7320215632,CLAYEY SAND,27354792,CLAYEY SAND
SJRWMD,5280987,St. Johns River Water Management District,BR0001,28.6075,-80.855556,WGS84,Digitize,100 m,36.73,TRUE,Feet,NAVD88,136,TRUE,Feet,S400FLORDN,Floridan aquifer system,US,United States of America,12,Florida,9,Brevard County,Upper Floridan aquifer (UFA),WELL,CONFINED,,FALSE,FALSE,FALSE,FALSE,,,,,,,,St. Johns River Water Management District Network,TRUE,TRUE,TRUE,TRUE,1,Background,2,Trend,TRUE,Dedicated Monitoring/Observation,,https://www.sjrwmd.com/data/hydrologic/,Control Survey,0.007 ft,SJRWMD_sites_r,D:\395\QGIS_Fl\SJRWMD_sites_r.shp,11766,869.7389812,7320213212,MED. FINE SAND AND SILT,5280987,SHELLY SAND AND CLAY
SJRWMD,28885109,St. Johns River Water Management District,BR1995,27.998046,-80.754144,WGS84,Survey,21 in,16.17,TRUE,Feet,NAVD88,385,TRUE,Feet,S400FLORDN,Floridan aquifer system,US,United States of America,12,Florida,9,Brevard County,Upper Floridan aquifer (UFA),WELL,CONFINED,,FALSE,FALSE,FALSE,FALSE,,,,,,,,St. Johns River Water Management District Network,TRUE,TRUE,TRUE,TRUE,1,Background,2,Trend,TRUE,Dedicated Monitoring/Observation,,https://www.sjrwmd.com/data/hydrologic/,Control Survey,0.007 ft,SJRWMD_sites_r,D:\395\QGIS_Fl\SJRWMD_sites_r.shp,731,597.8436992,7320007322,PEAT,28885109,PEAT
SJRWMD,70560417,St. Johns River Water Management District,V-0508,29.017925,-80.922194,NAD83,GPS,16 in,8.14,TRUE,Feet,NAVD88,210,TRUE,Feet,S400FLORDN,Floridan aquifer system,US,United States of America,12,Florida,127,Volusia County,Upper Floridan aquifer (UFA),WELL,CONFINED,,FALSE,FALSE,FALSE,FALSE,,,,,,,,St. Johns River Water Management District Network,TRUE,TRUE,TRUE,TRUE,1,Background,2,Trend,TRUE,Dedicated Monitoring/Observation,,https://www.sjrwmd.com/data/hydrologic/,Resource Survey,0.03 ft,SJRWMD_sites_r,D:\395\QGIS_Fl\SJRWMD_sites_r.shp,15181,447.3603254,7320247362,SHELLY SAND AND CLAY,70560417,SHELLY SAND AND CLAY
SJRWMD,70871718,St. Johns River Water Management District,F-0200,29.631719,-81.205339,NAD83,GPS,16 in,4.91,TRUE,Feet,NAVD88,148,TRUE,Feet,S400FLORDN,Floridan aquifer system,US,United States of America,12,Florida,35,Flagler County,Upper Floridan aquifer (UFA),WELL,CONFINED,,FALSE,FALSE,FALSE,FALSE,,,,,,,,St. Johns River Water Management District Network,TRUE,TRUE,TRUE,TRUE,1,Background,2,Trend,TRUE,Dedicated Monitoring/Observation,,https://www.sjrwmd.com/data/hydrologic/,Resource Survey,0.007 ft,SJRWMD_sites_r,D:\395\QGIS_Fl\SJRWMD_sites_r.shp,15172,468.0864969,7320247272,SHELLY SAND AND CLAY,70871718,SHELLY SAND AND CLAY
SJRWMD,70078104,St. Johns River Water Management District,C-0120,29.802242,-82.035687,WGS84,Survey,21 in,144.5,TRUE,Feet,NAVD88,227,TRUE,Feet,S400FLORDN,Floridan aquifer system,US,United States of America,12,Florida,19,Clay County,Upper Floridan aquifer (UFA),WELL,CONFINED,,FALSE,FALSE,FALSE,FALSE,,,,,,,,St. Johns River Water Management District Network,TRUE,TRUE,TRUE,TRUE,2,Suspected / Anticipated Changes,2,Trend,TRUE,Dedicated Monitoring/Observation,,https://www.sjrwmd.com/data/hydrologic/,Control Survey,0.007 ft,SJRWMD_sites_r,D:\395\QGIS_Fl\SJRWMD_sites_r.shp,13414,214.7027674,7320229692,CLAYEY SAND,70078104,CLAYEY SAND
SJRWMD,5401025,St. Johns River Water Management District,L-0043,28.744675,-81.769231,NAD83,GPS,16 in,63.54,TRUE,Feet,NAVD88,200,TRUE,Feet,S400FLORDN,Floridan aquifer system,US,United States of America,12,Florida,69,Lake County,Upper Floridan aquifer (UFA),WELL,CONFINED,,FALSE,FALSE,FALSE,FALSE,,,,,,,,St. Johns River Water Management District Network,TRUE,TRUE,TRUE,TRUE,1,Background,2,Trend,TRUE,Dedicated Monitoring/Observation,,https://www.sjrwmd.com/data/hydrologic/,Control Survey,0.007 ft,SJRWMD_sites_r,D:\395\QGIS_Fl\SJRWMD_sites_r.shp,15185,77.66192192,7320247402,CLAYEY SAND,5401025,CLAYEY SAND
SJRWMD,6901676,St. Johns River Water Management District,P-0270,29.426964,-81.64316,NAD83,GPS,16 in,26.14,TRUE,Feet,NAVD88,124,TRUE,Feet,S400FLORDN,Floridan aquifer system,US,United States of America,12,Florida,107,Putnam County,Upper Floridan aquifer (UFA),WELL,CONFINED,,FALSE,FALSE,FALSE,FALSE,,,,,,,,St. Johns River Water Management District Network,TRUE,TRUE,TRUE,TRUE,1,Background,2,Trend,TRUE,Dedicated Monitoring/Observation,,https://www.sjrwmd.com/data/hydrologic/,Control Survey,0.007 ft,SJRWMD_sites_r,D:\395\QGIS_Fl\SJRWMD_sites_r.shp,15221,319.9827369,7320247763,SHELLY SAND AND CLAY,6901676,SHELLY SAND AND CLAY
SJRWMD,11111435,St. Johns River Water Management District,L-0001,28.553889,-81.765278,WGS84,Digitize,100 m,147.12,TRUE,Feet,NAVD88,525,TRUE,Feet,S400FLORDN,Floridan aquifer system,US,United States of America,12,Florida,69,Lake County,Upper Floridan aquifer (UFA),WELL,CONFINED,,FALSE,FALSE,FALSE,FALSE,,,,,,,,St. Johns River Water Management District Network,TRUE,TRUE,TRUE,TRUE,2,Suspected / Anticipated Changes,2,Trend,TRUE,Dedicated Monitoring/Observation,,https://www.sjrwmd.com/data/hydrologic/,Control Survey,0.007 ft,SJRWMD_sites_r,D:\395\QGIS_Fl\SJRWMD_sites_r.shp,11794,310.3440626,7320213492,CLAYEY SAND,11111435,CLAYEY SAND
SJRWMD,19564474,St. Johns River Water Management District,L-0877,28.357789,-81.731055,NAD83,GPS,16 in,121.69,TRUE,Feet,NAVD88,200,TRUE,Feet,S400FLORDN,Floridan aquifer system,US,United States of America,12,Florida,69,Lake County,Upper Floridan aquifer (UFA),WELL,CONFINED,,FALSE,FALSE,FALSE,FALSE,,,,,,,,St. Johns River Water Management District Network,TRUE,TRUE,TRUE,TRUE,1,Background,2,Trend,TRUE,Dedicated Monitoring/Observation,,https://www.sjrwmd.com/data/hydrologic/,Resource Survey,0.03 ft,SJRWMD_sites_r,D:\395\QGIS_Fl\SJRWMD_sites_r.shp,13299,178.0625243,7320228542,CLAYEY SAND,19564474,CLAYEY SAND
SJRWMD,9840996,St. Johns River Water Management District,D-0667,30.3847,-81.642108,NAD83,GPS,16 in,12.13,TRUE,Feet,NAVD88,905,TRUE,Feet,S400FLORDN,Floridan aquifer system,US,United States of America,12,Florida,31,Duval County,Upper Floridan aquifer (UFA),WELL,CONFINED,,FALSE,FALSE,FALSE,FALSE,,,,,,,,St. Johns River Water Management District Network,TRUE,TRUE,TRUE,TRUE,2,Suspected / Anticipated Changes,2,Trend,TRUE,Dedicated Monitoring/Observation,,https://www.sjrwmd.com/data/hydrologic/,Resource Survey,0.03 ft,SJRWMD_sites_r,D:\395\QGIS_Fl\SJRWMD_sites_r.shp,15157,362.4518367,7320247123,SHELLY SAND AND CLAY,9840996,SHELLY SAND AND CLAY
SJRWMD,30392880,St. Johns River Water Management District,BR2115,28.448556,-80.696099,WGS84,Survey,21 in,1.52,TRUE,Feet,NAVD88,200,TRUE,Feet,S400FLORDN,Floridan aquifer system,US,United States of America,12,Florida,9,Brevard County,Upper Floridan aquifer (UFA),WELL,CONFINED,,FALSE,FALSE,FALSE,FALSE,,,,,,,,St. Johns River Water Management District Network,TRUE,TRUE,TRUE,TRUE,1,Background,2,Trend,TRUE,Dedicated Monitoring/Observation,,https://www.sjrwmd.com/data/hydrologic/,Control Survey,0.007 ft,SJRWMD_sites_r,D:\395\QGIS_Fl\SJRWMD_sites_r.shp,10384,29.3658324,7320199392,SHELLY SAND AND CLAY,30392880,SHELLY SAND AND CLAY
SJRWMD,9770971,St. Johns River Water Management District,D-0254,30.29115,-81.979972,NAD83,GPS,16 in,83.72,TRUE,Feet,NAVD88,722,TRUE,Feet,S400FLORDN,Floridan aquifer system,US,United States of America,12,Florida,31,Duval County,Upper Floridan aquifer (UFA),WELL,CONFINED,,FALSE,FALSE,FALSE,FALSE,,,,,,,,St. Johns River Water Management District Network,TRUE,TRUE,TRUE,TRUE,1,Background,2,Trend,TRUE,Dedicated Monitoring/Observation,,https://www.sjrwmd.com/data/hydrologic/,Control Survey,0.007 ft,SJRWMD_sites_r,D:\395\QGIS_Fl\SJRWMD_sites_r.shp,13396,739.8595864,7320229512,CLAYEY SAND,9770971,CLAYEY SAND
SJRWMD,9642159,St. Johns River Water Management District,OR0029,28.397656,-80.945984,WGS84,Survey,21 in,39.38,TRUE,Feet,NAVD88,390,TRUE,Feet,S400FLORDN,Floridan aquifer system,US,United States of America,12,Florida,95,Orange County,Upper Floridan aquifer (UFA),WELL,CONFINED,,FALSE,FALSE,FALSE,FALSE,,,,,,,,St. Johns River Water Management District Network,TRUE,TRUE,TRUE,TRUE,2,Suspected / Anticipated Changes,2,Trend,TRUE,Dedicated Monitoring/Observation,,https://www.sjrwmd.com/data/hydrologic/,Control Survey,0.007 ft,SJRWMD_sites_r,D:\395\QGIS_Fl\SJRWMD_sites_r.shp,12999,673.9387044,7320225542,SHELLY SAND AND CLAY,9642159,SHELLY SAND AND CLAY
SJRWMD,14661279,St. Johns River Water Management District,V-0086,29.168568,-81.16958,NAD83,GPS,16 in,39.1,TRUE,Feet,NAVD88,222,TRUE,Feet,S400FLORDN,Floridan aquifer system,US,United States of America,12,Florida,127,Volusia County,Upper Floridan aquifer (UFA),WELL,CONFINED,,FALSE,FALSE,FALSE,FALSE,,,,,,,,St. Johns River Water Management District Network,TRUE,TRUE,TRUE,TRUE,2,Suspected / Anticipated Changes,2,Trend,TRUE,Dedicated Monitoring/Observation,,https://www.sjrwmd.com/data/hydrologic/,Control Survey,0.007 ft,SJRWMD_sites_r,D:\395\QGIS_Fl\SJRWMD_sites_r.shp,12557,230.7551012,7320221122,MED. FINE SAND AND SILT,14661279,MED. FINE SAND AND SILT
USGS,2.63E+14,U.S. Geological Survey,L  -1998,26.51202187,-81.72536072,NAD83,Interpolated frommap,Accurate to +/- 1 second,26.6,TRUE,Feet,NGVD29,160,TRUE,Feet,S100SURFCL,Surficial aquifer system,US,United States of America,12,Florida,71,Lee County,Sandstone Aquifer,WELL,CONFINED,,FALSE,FALSE,FALSE,FALSE,,,,,,,,,TRUE,TRUE,TRUE,TRUE,3,Known Changes,2,Trend,1,Dedicated Monitoring/Observation,,https://waterdata.usgs.gov/monitoring-location/263041081433102,Level or other surveying method,+/- .1 ft,USGS_sites_r,D:\395\QGIS_Fl\USGS_sites_r.shp,4686,735.8757729,7320046872,MED. FINE SAND AND SILT,263041081433102,MED. FINE SAND AND SILT
USGS,2.66E+14,U.S. Geological Survey,M  -1234,26.95683333,-80.2374722,NAD83,G,1,21.2,TRUE,Feet,NGVD29,18,TRUE,Feet,S100SURFCL,Surficial aquifer system,US,United States of America,12,Florida,85,Martin County,Surficial Aquifer System,WELL,UNCONFINED,,FALSE,FALSE,FALSE,FALSE,,,,,,,,,TRUE,TRUE,TRUE,TRUE,2,Suspected / Anticipated Changes,2,Trend,1,Dedicated Monitoring/Observation,,https://waterdata.usgs.gov/monitoring-location/265725080141801,M,0.1,USGS_sites_r,D:\395\QGIS_Fl\USGS_sites_r.shp,490,203.2164567,7320004912,SHELLY SAND AND CLAY,265725080141801,SHELLY SAND AND CLAY
USGS,2.71E+14,U.S. Geological Survey,M  -1261,27.1028611,-80.27675,NAD83,G,1,14.92,TRUE,Feet,NGVD29,20,TRUE,Feet,S100SURFCL,Surficial aquifer system,US,United States of America,12,Florida,85,Martin County,Surficial Aquifer System,WELL,UNCONFINED,,FALSE,FALSE,FALSE,FALSE,,,,,,,,,TRUE,TRUE,TRUE,TRUE,2,Suspected / Anticipated Changes,2,Trend,1,Dedicated Monitoring/Observation,,https://waterdata.usgs.gov/monitoring-location/270609080163401,M,0.1,USGS_sites_r,D:\395\QGIS_Fl\USGS_sites_r.shp,471,814.8194359,7320004722,SHELLY SAND AND CLAY,270609080163401,SHELLY SAND AND CLAY
USGS,2.54E+14,U.S. Geological Survey,G  -3572,25.74241667,-80.4009167,NAD83,G,1,8.3,TRUE,Feet,NGVD29,19.4,TRUE,Feet,N400BISCYN,Biscayne aquifer,US,United States of America,12,Florida,86,Miami-Dade County,Biscayne Limestone Aquifer,WELL,UNCONFINED,,FALSE,FALSE,FALSE,FALSE,,,,,,,,,TRUE,TRUE,TRUE,TRUE,2,Suspected / Anticipated Changes,2,Trend,1,Dedicated Monitoring/Observation,,https://waterdata.usgs.gov/monitoring-location/254432080240401,L,0.1,USGS_sites_r,D:\395\QGIS_Fl\USGS_sites_r.shp,1910,882.8763124,7320019112,PEAT,254432080240401,PEAT
USGS,2.55E+14,U.S. Geological Survey,G  -3264AR,25.84205556,-80.3705278,NAD83,G,1,7.7,TRUE,Feet,NGVD29,30,TRUE,Feet,N400BISCYN,Biscayne aquifer,US,United States of America,12,Florida,86,Miami-Dade County,Biscayne Limestone Aquifer,WELL,UNCONFINED,,FALSE,FALSE,FALSE,FALSE,,,,,,,,,TRUE,TRUE,TRUE,TRUE,2,Suspected / Anticipated Changes,2,Trend,1,Dedicated Monitoring/Observation,,https://waterdata.usgs.gov/monitoring-location/255030080221401,L,0.1,USGS_sites_r,D:\395\QGIS_Fl\USGS_sites_r.shp,1894,548.1655575,7320018952,PEAT,255030080221401,PEAT
USGS,2.53E+14,U.S. Geological Survey,G  -3900,25.45419167,-80.4468694,NAD83,G,1,5.3,TRUE,Feet,NGVD29,22,TRUE,Feet,N400BISCYN,Biscayne aquifer,US,United States of America,12,Florida,86,Miami-Dade County,Biscayne Limestone Aquifer,WELL,UNCONFINED,,FALSE,FALSE,FALSE,FALSE,,,,,,,,,TRUE,TRUE,TRUE,TRUE,2,Suspected / Anticipated Changes,2,Trend,1,Dedicated Monitoring/Observation,,https://waterdata.usgs.gov/monitoring-location/252718080264901,L,0.5,USGS_sites_r,D:\395\QGIS_Fl\USGS_sites_r.shp,2040,335.1853641,7320020412,LIMESTONE,252718080264901,LIMESTONE
USGS,2.54E+14,U.S. Geological Survey,G  -3575,25.7021111,-80.4961944,NAD83,G,S,6.1,TRUE,Feet,NGVD29,10,TRUE,Feet,N400BISCYN,Biscayne aquifer,US,United States of America,12,Florida,86,Miami-Dade County,Biscayne Limestone Aquifer,WELL,UNCONFINED,,FALSE,FALSE,FALSE,FALSE,,,,,,,,,TRUE,TRUE,TRUE,TRUE,2,Suspected / Anticipated Changes,2,Trend,1,Dedicated Monitoring/Observation,,https://waterdata.usgs.gov/monitoring-location/254206080294701,L,0.1,USGS_sites_r,D:\395\QGIS_Fl\USGS_sites_r.shp,1745,675.9996782,7320017462,PEAT,254206080294701,LIMESTONE
USGS,2.60E+14,U.S. Geological Survey,C  -1224,26.06842697,-81.6945304,NAD83,G,S,5.8,TRUE,Feet,NGVD29,157,TRUE,Feet,S500INTRMD,Intermediate aquifer system,US,United States of America,12,Florida,21,Collier County,Tamiami Formation,WELL,UNCONFINED,,FALSE,FALSE,FALSE,FALSE,,,,,,,,,TRUE,TRUE,TRUE,TRUE,2,Suspected / Anticipated Changes,2,Trend,1,Dedicated Monitoring/Observation,,https://waterdata.usgs.gov/monitoring-location/260405081414101,U,0.1,USGS_sites_r,D:\395\QGIS_Fl\USGS_sites_r.shp,5013,101.8427262,7320050142,LIMESTONE,260405081414101,LIMESTONE
USGS,2.54E+14,U.S. Geological Survey,G  -3565,25.70516667,-80.4052222,NAD83,G,1,8.5,TRUE,Feet,NGVD29,19,TRUE,Feet,N400BISCYN,Biscayne aquifer,US,United States of America,12,Florida,86,Miami-Dade County,Biscayne Limestone Aquifer,WELL,UNCONFINED,,FALSE,FALSE,FALSE,FALSE,,,,,,,,,TRUE,TRUE,TRUE,TRUE,2,Suspected / Anticipated Changes,2,Trend,1,Dedicated Monitoring/Observation,,https://waterdata.usgs.gov/monitoring-location/254218080241801,L,0.1,USGS_sites_r,D:\395\QGIS_Fl\USGS_sites_r.shp,1558,493.7739261,7320015592,LIMESTONE,254218080241801,LIMESTONE
USGS,2.72E+14,U.S. Geological Survey,STL- 214,27.2717222,-80.41563889,NAD83,G,1,27.32,TRUE,Feet,NGVD29,70,TRUE,Feet,S100SURFCL,Surficial aquifer system,US,United States of America,12,Florida,111,St. Lucie County,Surficial Aquifer System,WELL,UNCONFINED,,FALSE,FALSE,FALSE,FALSE,,,,,,,,,TRUE,TRUE,TRUE,TRUE,2,Suspected / Anticipated Changes,2,Trend,1,Dedicated Monitoring/Observation,,https://waterdata.usgs.gov/monitoring-location/271618080245801,M,0.1,USGS_sites_r,D:\395\QGIS_Fl\USGS_sites_r.shp,913,457.6092807,7320009142,SHELLY SAND AND CLAY,271618080245801,SHELLY SAND AND CLAY
USGS,2.54E+14,U.S. Geological Survey,G  -3563,25.72827778,-80.3435556,NAD83,G,1,8.8,TRUE,Feet,NGVD29,18.1,TRUE,Feet,N400BISCYN,Biscayne aquifer,US,United States of America,12,Florida,86,Miami-Dade County,Biscayne Limestone Aquifer,WELL,UNCONFINED,,FALSE,FALSE,FALSE,FALSE,,,,,,,,,TRUE,TRUE,TRUE,TRUE,2,Suspected / Anticipated Changes,2,Trend,1,Dedicated Monitoring/Observation,,https://waterdata.usgs.gov/monitoring-location/254340080203601,L,0.1,USGS_sites_r,D:\395\QGIS_Fl\USGS_sites_r.shp,1737,533.6422605,7320017382,LIMESTONE,254340080203601,LIMESTONE
USGS,2.54E+14,U.S. Geological Survey,G  -3554,25.69819444,-80.46238889,NAD83,G,1,10.3,TRUE,Feet,NGVD29,20,TRUE,Feet,N400BISCYN,Biscayne aquifer,US,United States of America,12,Florida,86,Miami-Dade County,Biscayne Limestone Aquifer,WELL,UNCONFINED,,FALSE,FALSE,FALSE,FALSE,,,,,,,,,TRUE,TRUE,TRUE,TRUE,2,Suspected / Anticipated Changes,2,Trend,1,Dedicated Monitoring/Observation,,https://waterdata.usgs.gov/monitoring-location/254152080274501,L,0.5,USGS_sites_r,D:\395\QGIS_Fl\USGS_sites_r.shp,1399,250.2748314,7320014002,LIMESTONE,254152080274501,LIMESTONE
USGS,2.54E+14,U.S. Geological Survey,G  -3558,25.7270722,-80.4793972,NAD83,G,1,7.2,TRUE,Feet,NGVD29,19,TRUE,Feet,N400BISCYN,Biscayne aquifer,US,United States of America,12,Florida,86,Miami-Dade County,Biscayne Limestone Aquifer,WELL,UNCONFINED,,FALSE,FALSE,FALSE,FALSE,,,,,,,,,TRUE,TRUE,TRUE,TRUE,2,Suspected / Anticipated Changes,2,Trend,1,Dedicated Monitoring/Observation,,https://waterdata.usgs.gov/monitoring-location/254334080284401,L,0.5,USGS_sites_r,D:\395\QGIS_Fl\USGS_sites_r.shp,2018,236.0338367,7320020192,PEAT,254334080284401,PEAT
USGS,2.55E+14,U.S. Geological Survey,G  -3567,25.90005556,-80.4358333,NAD83,G,1,6.6,TRUE,Feet,NGVD29,18.7,TRUE,Feet,N400BISCYN,Biscayne aquifer,US,United States of America,12,Florida,86,Miami-Dade County,Biscayne Limestone Aquifer,WELL,UNCONFINED,,FALSE,FALSE,FALSE,FALSE,,,,,,,,,TRUE,TRUE,TRUE,TRUE,2,Suspected / Anticipated Changes,2,Trend,1,Dedicated Monitoring/Observation,,https://waterdata.usgs.gov/monitoring-location/255358080260901,U,0.1,USGS_sites_r,D:\395\QGIS_Fl\USGS_sites_r.shp,1707,276.1280984,7320017082,PEAT,255358080260901,PEAT
USGS,2.54E+14,U.S. Geological Survey,G  -3439,25.73933333,-80.43363889,NAD83,G,1,5.9,TRUE,Feet,NGVD29,12,TRUE,Feet,N400BISCYN,Biscayne aquifer,US,United States of America,12,Florida,86,Miami-Dade County,Biscayne Limestone Aquifer,WELL,UNCONFINED,,FALSE,FALSE,FALSE,FALSE,,,,,,,,,TRUE,TRUE,TRUE,TRUE,2,Suspected / Anticipated Changes,2,Trend,1,Dedicated Monitoring/Observation,,https://waterdata.usgs.gov/monitoring-location/254421080260201,L,0.1,USGS_sites_r,D:\395\QGIS_Fl\USGS_sites_r.shp,1394,811.3400597,7320013952,PEAT,254421080260201,PEAT
USGS,2.55E+14,U.S. Geological Survey,G  -3676,25.78763889,-80.4238611,NAD83,G,1,8.3,TRUE,Feet,NGVD29,33,TRUE,Feet,N400BISCYN,Biscayne aquifer,US,United States of America,12,Florida,86,Miami-Dade County,Biscayne Limestone Aquifer,WELL,UNCONFINED,,FALSE,FALSE,FALSE,FALSE,,,,,,,,,TRUE,TRUE,TRUE,TRUE,2,Suspected / Anticipated Changes,2,Trend,1,Dedicated Monitoring/Observation,,https://waterdata.usgs.gov/monitoring-location/254720080253002,U,0.1,USGS_sites_r,D:\395\QGIS_Fl\USGS_sites_r.shp,1729,182.1411053,7320017302,PEAT,254720080253002,PEAT
USGS,2.55E+14,U.S. Geological Survey,G  -3259A,25.84083333,-80.4026667,NAD83,G,1,5.1,TRUE,Feet,NGVD29,60,TRUE,Feet,N400BISCYN,Biscayne aquifer,US,United States of America,12,Florida,86,Miami-Dade County,Biscayne Limestone Aquifer,WELL,UNCONFINED,,FALSE,FALSE,FALSE,FALSE,,,,,,,,,TRUE,TRUE,TRUE,TRUE,2,Suspected / Anticipated Changes,2,Trend,1,Dedicated Monitoring/Observation,,https://waterdata.usgs.gov/monitoring-location/255026080240302,U,0.1,USGS_sites_r,D:\395\QGIS_Fl\USGS_sites_r.shp,1721,237.4545146,7320017222,PEAT,255026080240302,PEAT
USGS,2.56E+14,U.S. Geological Survey,G  -3571,25.9377222,-80.3009167,NAD83,G,1,7.4,TRUE,Feet,NGVD29,18.5,TRUE,Feet,N400BISCYN,Biscayne aquifer,US,United States of America,12,Florida,86,Miami-Dade County,Biscayne Limestone Aquifer,WELL,UNCONFINED,,FALSE,FALSE,FALSE,FALSE,,,,,,,,,TRUE,TRUE,TRUE,TRUE,2,Suspected / Anticipated Changes,2,Trend,1,Dedicated Monitoring/Observation,,https://waterdata.usgs.gov/monitoring-location/255616080180301,U,0.1,USGS_sites_r,D:\395\QGIS_Fl\USGS_sites_r.shp,1693,311.9611389,7320016942,PEAT,255616080180301,PEAT
USGS,2.60E+14,U.S. Geological Survey,G  -2035,26.01280556,-80.17838889,NAD83,"Global positioningsystem (GPS), Standard Positioning Service (SPS) or Precise Positioning Service (PPS) NOTE after October, 2014 only use for mapping grade GPS units and use new codes W,X,Y, or Z that indicate the quality of the GNSS survey.",Accurate to +/- 1 second,13.2,TRUE,Feet,NGVD29,52,TRUE,Feet,N400BISCYN,Biscayne aquifer,US,United States of America,12,Florida,11,Broward County,Biscayne Limestone Aquifer,WELL,UNCONFINED,,FALSE,FALSE,FALSE,FALSE,,,,,,,,,TRUE,TRUE,TRUE,TRUE,1,Background,2,Trend,1,Dedicated Monitoring/Observation,,https://waterdata.usgs.gov/monitoring-location/260040080104401,Level or other surveying method,+/- .1 ft,USGS_sites_r,D:\395\QGIS_Fl\USGS_sites_r.shp,1673,877.1125885,7320016742,LIMESTONE,260040080104401,LIMESTONE
USGS,2.61E+14,U.S. Geological Survey,G  -2395,26.1965,-80.1958056,NAD83,G,1,9.4,TRUE,Feet,NGVD29,73,TRUE,Feet,N400BISCYN,Biscayne aquifer,US,United States of America,12,Florida,11,Broward County,Biscayne Limestone Aquifer,WELL,UNCONFINED,,FALSE,FALSE,FALSE,FALSE,,,,,,,,,TRUE,TRUE,TRUE,TRUE,2,Suspected / Anticipated Changes,2,Trend,1,Dedicated Monitoring/Observation,,https://waterdata.usgs.gov/monitoring-location/261147080114501,L,0.1,USGS_sites_r,D:\395\QGIS_Fl\USGS_sites_r.shp,1815,152.2588045,7320018162,LIMESTONE,261147080114501,LIMESTONE
USGS,2.83E+14,U.S. Geological Survey,"LAKE SAWYER WELL NEAR WINDERMERE, FL",28.46083817,-81.57035129,NAD83,Interpolated from map,Accurate to +/- 1 second,119.64,TRUE,Feet,NGVD29,178,TRUE,Feet,S400FLORDN,Floridan aquifer system,US,United States of America,12,Florida,95,Orange County,Floridan Aquifer System,WELL,CONFINED,,FALSE,FALSE,FALSE,FALSE,,,,,,,,,TRUE,TRUE,TRUE,TRUE,1,Background,1,Surveillance,1,Dedicated Monitoring/Observation,,https://waterdata.usgs.gov/monitoring-location/282738081341401,Level or other surveying method,+/- .01 ft,USGS_sites_r,D:\395\QGIS_Fl\USGS_sites_r.shp,11296,645.1575828,7320208512,MED. FINE SAND AND SILT,282738081341401,MED. FINE SAND AND SILT
USGS,2.82E+14,U.S. Geological Survey,"SEA WORLD DRIVE REPLACEMENT WELL NEAR VINELAND, FL",28.40972923,-81.47507205,NAD83,Interpolated from map,Accurate to +/- 1 second,103.66,TRUE,Feet,NGVD29,239,TRUE,Feet,S400FLORDN,Floridan aquifer system,US,United States of America,12,Florida,95,Orange County,Floridan Aquifer System,WELL,CONFINED,,FALSE,FALSE,FALSE,FALSE,,,,,,,,,TRUE,TRUE,TRUE,TRUE,3,Known Changes,2,Trend,1,Dedicated Monitoring/Observation,,https://waterdata.usgs.gov/monitoring-location/282434081283102,Level or other surveying method,+/- .01 ft,USGS_sites_r,D:\395\QGIS_Fl\USGS_sites_r.shp,12990,459.4142808,7320225452,CLAYEY SAND,282434081283102,CLAYEY SAND
USGS,2.64E+14,U.S. Geological Survey,L  -4820,26.68284878,-81.95675473,NAD83,Reported,Accurate to +/- 1 second,14.17,TRUE,Feet,NGVD29,190,TRUE,Feet,S500INTRMD,Intermediate aquifer system,US,United States of America,12,Florida,71,Lee County,Hawthorn Limestone Aquifer,WELL,CONFINED,,FALSE,FALSE,FALSE,FALSE,,,,,,,,,TRUE,TRUE,TRUE,TRUE,3,Known Changes,2,Trend,1,Dedicated Monitoring/Observation,,https://waterdata.usgs.gov/monitoring-location/264053081572501,,+/- .1 ft,USGS_sites_r,D:\395\QGIS_Fl\USGS_sites_r.shp,4931,865.8568815,7320049322,SHELLY SAND AND CLAY,264053081572501,SHELLY SAND AND CLAY
USGS,2.62E+14,U.S. Geological Survey,G  -1213,26.29294444,-80.18625,NAD83,"Global positioning system (GPS), Standard Positioning Service (SPS) or Precise Positioning Service (PPS) NOTE after October, 2014 only use for mapping grade GPS units and use new codes W,X,Y, or Z that indicate the quality of the GNSS survey.",Accurate to +/- .1 second (differentially corrected GPS),18.3,TRUE,Feet,NGVD29,15,TRUE,Feet,N400BISCYN,Biscayne aquifer,US,United States of America,12,Florida,11,Broward County,Biscayne Limestone Aquifer,WELL,UNCONFINED,,FALSE,FALSE,FALSE,FALSE,,,,,,,,,TRUE,TRUE,TRUE,TRUE,3,Known Changes,2,Trend,1,Dedicated Monitoring/Observation,,https://waterdata.usgs.gov/monitoring-location/261734080111301,Level or other surveying method,+/- .1 ft,USGS_sites_r,D:\395\QGIS_Fl\USGS_sites_r.shp,2076,215.4597484,7320020772,LIMESTONE,261734080111301,LIMESTONE
USGS,2.63E+14,U.S. Geological Survey,L  -1999,26.51202187,-81.72536072,NAD83,Interpolated frommap,Accurate to +/- 1 second,26.9,TRUE,Feet,NGVD29,26,TRUE,Feet,S100SURFCL,Surficial aquifer system,US,United States of America,12,Florida,71,Lee County,Nonartesian Sand Aquifer,WELL,UNCONFINED,,FALSE,FALSE,FALSE,FALSE,,,,,,,,,TRUE,TRUE,TRUE,TRUE,1,Background,1,Surveillance,1,Dedicated Monitoring/Observation,,https://waterdata.usgs.gov/monitoring-location/263041081433103,Level or other surveying method,+/- .1 ft,USGS_sites_r,D:\395\QGIS_Fl\USGS_sites_r.shp,4686,735.8757729,7320046872,MED. FINE SAND AND SILT,263041081433103,MED. FINE SAND AND SILT
USGS,2.83E+14,U.S. Geological Survey,"BITHLO 1 WELL AT BITHLO, FL",28.54750046,-81.09228501,NAD83,Long-range navigation system,Accurate to +/- 1 second,63.53,TRUE,Feet,NGVD29,492,TRUE,Feet,S400FLORDN,Floridan aquifer system,US,United States of America,12,Florida,95,Orange County,Floridan Aquifer System,WELL,CONFINED,,FALSE,FALSE,FALSE,FALSE,,,,,,,,,TRUE,TRUE,TRUE,TRUE,3,Known Changes,2,Trend,1,Dedicated Monitoring/Observation,,https://waterdata.usgs.gov/monitoring-location/283249081053201,Level or other surveying method,+/- .01 ft,USGS_sites_r,D:\395\QGIS_Fl\USGS_sites_r.shp,11520,107.5174458,7320210752,MED. FINE SAND AND SILT,283249081053201,MED. FINE SAND AND SILT
USGS,2.83E+14,U.S. Geological Survey,"COCOA P WELL NEAR TAFT, FL",28.44333855,-81.26034571,NAD83,Interpolated from map,Accurate to +/- 1 second,94.12,TRUE,Feet,NGVD29,439,TRUE,Feet,S400FLORDN,Floridan aquifer system,US,United States of America,12,Florida,95,Orange County,Floridan Aquifer System,WELL,CONFINED,,FALSE,FALSE,FALSE,FALSE,,,,,,,,,TRUE,TRUE,TRUE,TRUE,3,Known Changes,2,Trend,1,Dedicated Monitoring/Observation,,https://waterdata.usgs.gov/monitoring-location/282623081153801,Level or other surveying method,+/- .01 ft,USGS_sites_r,D:\395\QGIS_Fl\USGS_sites_r.shp,12463,707.2126991,7320220182,MED. FINE SAND AND SILT,282623081153801,MED. FINE SAND AND SILT
USGS,2.74E+14,U.S. Geological Survey,FPL WELL 1 AT PINEY POINT FL,27.62166667,-82.53197222,NAD83,"Global positioning system (GPS), Standard Positioning Service (SPS) or Precise Positioning Service (PPS) NOTE after October, 2014 only use for mapping grade GPS units and use new codes W,X,Y, or Z that indicate the quality of the GNSS survey.",Accurate to +/- 1 second,11.24,TRUE,Feet,NGVD29,950,TRUE,Feet,S400FLORDN,Floridan aquifer system,US,United States of America,12,Florida,81,Manatee County,Floridan Aquifer System,WELL,CONFINED,,FALSE,FALSE,FALSE,FALSE,,,,,,,,,TRUE,TRUE,TRUE,TRUE,1,Background,1,Surveillance,1,Dedicated Monitoring/Observation,,https://waterdata.usgs.gov/monitoring-location/273718082315501,Interpolated from topographic map,+/- 5.0 ft,USGS_sites_r,D:\395\QGIS_Fl\USGS_sites_r.shp,5640,244.900128,7320056412,SHELLY SAND AND CLAY,273718082315501,SHELLY SAND AND CLAY
USGS,2.82E+14,U.S. Geological Survey,"LAKE OLIVER SHALLOW WELL NEAR VINELAND, FL",28.36750804,-81.64590814,NAD83,Interpolated from map,Accurate to +/- 1 second,117.06,TRUE,Feet,NGVD29,38,TRUE,Feet,S100SURFCL,Surficial aquifer system,US,United States of America,12,Florida,95,Orange County,Nonartesian Sand Aquifer,WELL,UNCONFINED,,FALSE,FALSE,FALSE,FALSE,,,,,,,,,TRUE,TRUE,TRUE,TRUE,1,Background,1,Surveillance,1,Dedicated Monitoring/Observation,,https://waterdata.usgs.gov/monitoring-location/282202081384602,Level or other surveying method,+/- .01 ft,USGS_sites_r,D:\395\QGIS_Fl\USGS_sites_r.shp,11593,100.9195195,7320211482,CLAYEY SAND,282202081384602,CLAYEY SAND
USGS,2.75E+14,U.S. Geological Survey,"P-49 WELL NEAR FROSTPROOF, FL",27.80363736,-81.3172929,NAD83,M,S,103.33,TRUE,Feet,NAVD88,17,TRUE,Feet,S100SURFCL,Surficial aquifer system,US,United States of America,12,Florida,105,Polk County,Nonartesian Sand Aquifer,WELL,UNCONFINED,,FALSE,FALSE,FALSE,FALSE,,,,,,,,,TRUE,TRUE,TRUE,TRUE,1,Background,2,Trend,1,Dedicated Monitoring/Observation,,https://waterdata.usgs.gov/monitoring-location/274812081190301,L,0.1,USGS_sites_r,D:\395\QGIS_Fl\USGS_sites_r.shp,2390,694.3500406,7320023912,MED. FINE SAND AND SILT,274812081190301,MED. FINE SAND AND SILT
USGS,2.82E+14,U.S. Geological Survey,PASCO WELL 13 NEAR DREXEL FL,28.26663889,-82.4459722,NAD83,G,S,79.4,TRUE,Feet,NAVD88,49,TRUE,Feet,S400FLORDN,Floridan aquifer system,US,United States of America,12,Florida,101,Pasco County,Tampa Limestone,WELL,UNCONFINED,,FALSE,FALSE,FALSE,FALSE,,,,,,,,,TRUE,TRUE,TRUE,TRUE,1,Background,1,Surveillance,1,Dedicated Monitoring/Observation,,https://waterdata.usgs.gov/monitoring-location/281558082264601,L,0.02,USGS_sites_r,D:\395\QGIS_Fl\USGS_sites_r.shp,13920,594.2860752,7320234752,MED. FINE SAND AND SILT,281558082264601,MED. FINE SAND AND SILT
USGS,2.83E+14,U.S. Geological Survey,"BAY LAKE DEEP WELL NEAR WINDERMERE, FL",28.4247284,-81.5689624,NAD83,M,S,95.48,TRUE,Feet,NAVD88,223,TRUE,Feet,S400FLORDN,Floridan aquifer system,US,United States of America,12,Florida,95,Orange County,Floridan Aquifer System,WELL,CONFINED,,FALSE,FALSE,FALSE,FALSE,,,,,,,,,TRUE,TRUE,TRUE,TRUE,3,Known Changes,2,Trend,1,Dedicated Monitoring/Observation,,https://waterdata.usgs.gov/monitoring-location/282528081340901,L,0.01,USGS_sites_r,D:\395\QGIS_Fl\USGS_sites_r.shp,13228,131.8229799,7320227832,MED. FINE SAND AND SILT,282528081340901,MED. FINE SAND AND SILT
USGS,2.83E+14,U.S. Geological Survey,"COCOA D WELL NEAR NARCOOSSEE, FL",28.42583874,-81.1653433,NAD83,M,S,77.34,TRUE,Feet,NAVD88,300,TRUE,Feet,S400FLORDN,Floridan aquifer system,US,United States of America,12,Florida,95,Orange County,Floridan Aquifer System,WELL,CONFINED,,FALSE,FALSE,FALSE,FALSE,,,,,,,,,TRUE,TRUE,TRUE,TRUE,3,Known Changes,2,Trend,1,Dedicated Monitoring/Observation,,https://waterdata.usgs.gov/monitoring-location/282531081095701,X,1,USGS_sites_r,D:\395\QGIS_Fl\USGS_sites_r.shp,11026,325.6699585,7320205812,MED. FINE SAND AND SILT,282531081095701,MED. FINE SAND AND SILT
USGS,2.62E+14,U.S. Geological Survey,L  -2195,26.33286155,-81.72258475,NAD83,Interpolated from map,Accurate to +/- 1 second,14.7,TRUE,Feet,NGVD29,15,TRUE,Feet,S100SURFCL,Surficial aquifer system,US,United States of America,12,Florida,71,Lee County,Nonartesian Sand Aquifer,WELL,UNCONFINED,,FALSE,FALSE,FALSE,FALSE,,,,,,,,,TRUE,TRUE,TRUE,TRUE,1,Background,1,Surveillance,1,Dedicated Monitoring/Observation,,https://waterdata.usgs.gov/monitoring-location/261957081432202,Level or other surveying method,+/- .1 ft,USGS_sites_r,D:\395\QGIS_Fl\USGS_sites_r.shp,4999,134.6092847,7320050002,LIMESTONE,261957081432202,LIMESTONE
USGS,2.82E+14,U.S. Geological Survey,"LAKE JOEL WELL NEAR ASHTON, FL",28.28751079,-81.15812148,NAD83,Interpolated from map,Accurate to +/- 1 second,64.78,TRUE,Feet,NGVD29,750,TRUE,Feet,S400FLORDN,Floridan aquifer system,US,United States of America,12,Florida,97,Osceola County,Floridan Aquifer System,WELL,CONFINED,,FALSE,FALSE,FALSE,FALSE,,,,,,,,,TRUE,TRUE,TRUE,TRUE,3,Known Changes,2,Trend,1,Dedicated Monitoring/Observation,,https://waterdata.usgs.gov/monitoring-location/281714081093001,Level or other surveying method,+/- 2.5 ft,USGS_sites_r,D:\395\QGIS_Fl\USGS_sites_r.shp,11345,142.1014941,7320209002,MED. FINE SAND AND SILT,281714081093001,MED. FINE SAND AND SILT
USGS,2.70E+14,U.S. Geological Survey,MANASOTA DEEP 14 NR ENGLEWOOD FL,27.02744444,-82.39794444,NAD83,"Global positioning system (GPS), Standard Positioning Service (SPS) or Precise Positioning Service (PPS) NOTE after October, 2014 only use for mapping grade GPS units and use new codes W,X,Y, or Z that indicate the quality of the GNSS survey.",Accurate to +/- 1 second,17.53,TRUE,Feet,NGVD29,305,TRUE,Feet,S500INTRMD,Intermediate aquifer system,US,United States of America,12,Florida,115,Sarasota County,Hawthorn Formation,WELL,CONFINED,,FALSE,FALSE,FALSE,FALSE,,,,,,,,,TRUE,TRUE,TRUE,TRUE,3,Known Changes,2,Trend,1,Dedicated Monitoring/Observation,,https://waterdata.usgs.gov/monitoring-location/270137082235301,Level or other surveying method,+/- .01 ft,USGS_sites_r,D:\395\QGIS_Fl\USGS_sites_r.shp,3817,410.310257,7320038182,SHELLY SAND AND CLAY,270137082235301,SHELLY SAND AND CLAY
USGS,2.83E+14,U.S. Geological Survey,"BITHLO 3 WELL AT BITHLO, FL",28.54750046,-81.09228501,NAD83,"Global positioning system (GPS), Standard Positioning Service (SPS) or Precise Positioning Service (PPS) NOTE after October, 2014 only use for mapping grade GPS units and use new codes W,X,Y, or Z that indicate the quality of the GNSS survey.",Accurate to +/- 1 second,63.14,TRUE,Feet,NGVD29,15,TRUE,Feet,S100SURFCL,Surficial aquifer system,US,United States of America,12,Florida,95,Orange County,Nonartesian Sand Aquifer,WELL,UNCONFINED,,FALSE,FALSE,FALSE,FALSE,,,,,,,,,TRUE,TRUE,TRUE,TRUE,1,Background,2,Trend,1,Dedicated Monitoring/Observation,,https://waterdata.usgs.gov/monitoring-location/283249081053203,Level or other surveying method,+/- .1 ft,USGS_sites_r,D:\395\QGIS_Fl\USGS_sites_r.shp,11520,107.5174458,7320210752,MED. FINE SAND AND SILT,283249081053203,MED. FINE SAND AND SILT
USGS,2.82E+14,U.S. Geological Survey,"LAKE OLIVER DEEP WELL NEAR VINELAND, FL",28.36750804,-81.64590814,NAD83,Interpolated from map,Accurate to +/- 1 second,117.12,TRUE,Feet,NGVD29,318,TRUE,Feet,S400FLORDN,Floridan aquifer system,US,United States of America,12,Florida,95,Orange County,Floridan Aquifer System,WELL,CONFINED,,FALSE,FALSE,FALSE,FALSE,,,,,,,,,TRUE,TRUE,TRUE,TRUE,1,Background,1,Surveillance,1,Dedicated Monitoring/Observation,,https://waterdata.usgs.gov/monitoring-location/282202081384601,Level or other surveying method,+/- .01 ft,USGS_sites_r,D:\395\QGIS_Fl\USGS_sites_r.shp,11593,100.9195195,7320211482,CLAYEY SAND,282202081384601,CLAYEY SAND
USGS,2.64E+14,U.S. Geological Survey,L  - 581,26.59255556,-81.98905556,NAD83,"Global positioningsystem (GPS), Standard Positioning Service (SPS) or Precise Positioning Service (PPS) NOTE after October, 2014 only use for mapping grade GPS units and use new codes W,X,Y, or Z that indicate the quality of the GNSS survey.",Accurate to +/- 1 second,9.58,TRUE,Feet,NGVD29,177,TRUE,Feet,S500INTRMD,Intermediate aquifer system,US,United States of America,12,Florida,71,Lee County,Hawthorn Limestone Aquifer,WELL,CONFINED,,FALSE,FALSE,FALSE,FALSE,,,,,,,,,TRUE,TRUE,TRUE,TRUE,3,Known Changes,2,Trend,1,Dedicated Monitoring/Observation,,https://waterdata.usgs.gov/monitoring-location/263532081592201,Level or other surveying method,+/- .01 ft,USGS_sites_r,D:\395\QGIS_Fl\USGS_sites_r.shp,4544,714.4069456,7320045452,SHELLY SAND AND CLAY,263532081592201,SHELLY SAND AND CLAY
USGS,2.62E+14,U.S. Geological Survey,L  -2194,26.33286155,-81.72258475,NAD83,"Global positioningsystem (GPS), Standard Positioning Service (SPS) or Precise Positioning Service (PPS) NOTE after October, 2014 only use for mapping grade GPS units and use new codes W,X,Y, or Z that indicate the quality of the GNSS survey.",Accurate to +/- 1 second,14.6,TRUE,Feet,NGVD29,137,TRUE,Feet,S500INTRMD,Intermediate aquifer system,US,United States of America,12,Florida,71,Lee County,Tamiami Formation,WELL,CONFINED,,FALSE,FALSE,FALSE,FALSE,,,,,,,,,TRUE,TRUE,TRUE,TRUE,1,Background,1,Surveillance,1,Dedicated Monitoring/Observation,,https://waterdata.usgs.gov/monitoring-location/261957081432201,Level or other surveying method,+/- .1 ft,USGS_sites_r,D:\395\QGIS_Fl\USGS_sites_r.shp,4999,134.6092847,7320050002,LIMESTONE,261957081432201,LIMESTONE
USGS,2.61E+14,U.S. Geological Survey,C  - 391,26.19036716,-81.79203219,NAD83,Interpolated frommap,Accurate to +/- 1 second,9.7,TRUE,Feet,NGVD29,75,TRUE,Feet,S500INTRMD,Intermediate aquifer system,US,United States of America,12,Florida,21,Collier County,Tamiami Formation,WELL,CONFINED,,FALSE,FALSE,FALSE,FALSE,,,,,,,,,TRUE,TRUE,TRUE,TRUE,1,Background,1,Surveillance,1,Dedicated Monitoring/Observation,,https://waterdata.usgs.gov/monitoring-location/261124081470301,Level or other surveying method,+/- .1 ft,USGS_sites_r,D:\395\QGIS_Fl\USGS_sites_r.shp,4473,336.8760406,7320044742,SHELLY SAND AND CLAY,261124081470301,SHELLY SAND AND CLAY
USGS,2.83E+14,U.S. Geological Survey,"BITHLO 2 WELL AT BITHLO, FL",28.54750046,-81.09228501,NAD83,"Global positioning system (GPS), Standard Positioning Service (SPS) or Precise Positioning Service (PPS) NOTE after October, 2014 only use for mapping grade GPS units and use new codes W,X,Y, or Z that indicate the quality of the GNSS survey.",Accurate to +/- 1 second,63.49,TRUE,Feet,NGVD29,75,TRUE,Feet,S500INTRMD,Intermediate aquifer system,US,United States of America,12,Florida,95,Orange County,Hawthorn Limestone Aquifer,WELL,CONFINED,,FALSE,FALSE,FALSE,FALSE,,,,,,,,,TRUE,TRUE,TRUE,TRUE,1,Background,1,Surveillance,1,Dedicated Monitoring/Observation,,https://waterdata.usgs.gov/monitoring-location/283249081053202,Level or other surveying method,+/- .1 ft,USGS_sites_r,D:\395\QGIS_Fl\USGS_sites_r.shp,11520,107.5174458,7320210752,MED. FINE SAND AND SILT,283249081053202,MED. FINE SAND AND SILT
